{"cameraMode":{"drawMode":0,"name":"Shaded","section":"Shading Mode"},"sceneLighting":true,"audioPlay":false,"sceneViewState":{"showFog":true,"showMaterialUpdate":false,"showSkybox":true,"showFlares":true,"showImageEffects":true,"showParticleSystems":true},"in2DMode":false,"pivot":{"x":0.0,"y":1.5479998588562012,"z":-1.7881393432617188e-7},"rotation":{"x":-0.12743575870990754,"y":-0.020234690979123117,"z":0.002599649131298065,"w":-0.9916370511054993},"size":2.234088182449341,"orthographic":false}